{"indexes":[{"v":{"$numberInt":"2"},"key":{"_id":{"$numberInt":"1"}},"name":"_id_"},{"v":{"$numberInt":"2"},"key":{"uuid":{"$numberInt":"1"},"min":{"$numberInt":"1"}},"name":"uuid_1_min_1","unique":true},{"v":{"$numberInt":"2"},"key":{"uuid":{"$numberInt":"1"},"shard":{"$numberInt":"1"},"min":{"$numberInt":"1"}},"name":"uuid_1_shard_1_min_1","unique":true},{"v":{"$numberInt":"2"},"key":{"uuid":{"$numberInt":"1"},"lastmod":{"$numberInt":"1"}},"name":"uuid_1_lastmod_1","unique":true},{"v":{"$numberInt":"2"},"key":{"uuid":{"$numberInt":"1"},"shard":{"$numberInt":"1"},"onCurrentShardSince":{"$numberInt":"1"}},"name":"uuid_1_shard_1_onCurrentShardSince_1"}],"uuid":"b6e917c6d9084e7b8379d01f7d42ffc3","collectionName":"chunks","type":"collection"}