{"options":{"validator":{"$jsonSchema":{"oneOf":[{"properties":{"_id":{"enum":["balancer"]},"mode":{"enum":["full","off"]},"stopped":{"bsonType":"bool"},"activeWindow":{"bsonType":"object","required":["start","stop"]},"_secondaryThrottle":{"oneOf":[{"bsonType":"bool"},{"bsonType":"object"}]},"_waitForDelete":{"bsonType":"bool"},"attemptToBalanceJumboChunks":{"bsonType":"bool"}},"additionalProperties":false},{"properties":{"_id":{"enum":["chunksize"]},"value":{"bsonType":"number","minimum":{"$numberInt":"1"},"maximum":{"$numberInt":"1024"}}},"additionalProperties":false},{"properties":{"_id":{"enum":["automerge","ReadWriteConcernDefaults","audit"]}}}]}},"validationLevel":"strict","validationAction":"error"},"indexes":[{"v":{"$numberInt":"2"},"key":{"_id":{"$numberInt":"1"}},"name":"_id_"}],"uuid":"7956a8e4e8e84f6fb697b7cb5ffba959","collectionName":"settings","type":"collection"}